Year,Subregion,Species,Total ABC,OY-Total Catch,Commercial OY-Total Catch,LimitedEntry-MT,LimitedEntry-percent,OpenAccess-MT,OpenAccess-Percentage
1995,,Arrowtooth flounder,5800,,,,,,
1996,,Arrowtooth flounder,5800,,,,,,
1997,,Arrowtooth flounder,5800,,,,,,
1998,,Arrowtooth flounder,5800,,,,,,
1999,,Arrowtooth flounder,5800,,,,,,
2000,,Arrowtooth flounder,5800,,,,,,
2001,,Arrowtooth flounder,5800,,,,,,
2002,,Arrowtooth flounder,5800,,,,,,
2003,,Arrowtooth flounder,5800,,,,,,
2004,,Arrowtooth flounder,5800,,,,,,
2005,,Arrowtooth flounder,5800,5800,,,,,
2006,,Arrowtooth flounder,5800,5800,,,,,
2007,,Arrowtooth flounder,5800,5800,,,,,
2008,,Arrowtooth flounder,5800,5800,,,,,
2009,,Arrowtooth flounder,11267,11267,,,,,
2010,,Arrowtooth flounder,10112,10112,,,,,
1997,,Bank rockfish,81,,,,,,
1998,,Bank rockfish,81,,,,,,
1999,,Bank rockfish,81,,,,,,
2000,,Bank rockfish,81,,,,,,
2001,,Bank rockfish,350,,,,,,
2002,,Bank rockfish,350,,,,,,
2003,,Bank rockfish,350,,,,,,
2004,,Bank rockfish,350,,,,,,
2005,,Bank rockfish,350,,,,,,
2006,,Bank rockfish,350,,,,,,
2007,,Bank rockfish,350,,,,,,
2008,,Bank rockfish,350,,,,,,
2009,,Bank rockfish,350,,,,,,
2010,,Bank rockfish,350,,,,,,
2000,,Black rockfish,1200,,,,,,
2001,,Black rockfish,1115,,,,,,
2002,,Black rockfish,1115,,,,,,
2003,,Black rockfish,1115,,,,,,
2004,,Black rockfish,1315,1315,,,,,
2005,north,Black rockfish,540,540,,,,,
2005,south,Black rockfish,753,753,,,,,
2006,north,Black rockfish,540,540,,,,,
2006,south,Black rockfish,736,736,,,,,
2007,north,Black rockfish,540,540,,,,,
2007,south,Black rockfish,722,722,,,,,
2008,north,Black rockfish,540,540,,,,,
2008,south,Black rockfish,722,722,,,,,
2009,north,Black rockfish,490,490,,,,,
2009,south,Black rockfish,1469,1000,,,,,
2010,north,Black rockfish,464,464,,,,,
2010,south,Black rockfish,1317,1000,,,,,
1999,,Blackgill,365,,,,,,
2000,,Blackgill,440,,,,,,
2001,,Blackgill,,,,,,,
2002,,Blackgill,343,,,,,,
2003,,Blackgill,343,,,,,,
2004,,Blackgill,343,,,,,,
2005,,Blackgill,343,,,,,,
2006,,Blackgill,343,,,,,,
2007,,Blackgill,292,,,,,,
2008,,Blackgill,292,,,,,,
2009,,Blackgill,292,,,,,,
2010,,Blackgill,292,,,,,,
2009,,Blue,241,,,,,,
2010,,Blue,239,,,,,,
1995,,Bocaccio rockfish,1700,,,1010,67.4,490,32.6
1996,,Bocaccio rockfish,1700,,,1010,67.4,490,32.6
1997,south,Bocaccio rockfish,265,,,224,67.4,108,32.6
1997,north,Bocaccio rockfish,424,,,,,,
1998,south,Bocaccio rockfish,230,,,128,67.4,57,32.6
1998,north,Bocaccio rockfish,424,,,,,,
1999,,Bocaccio rockfish,230,230,150,101,67.4,49,32.6
1999,north,Bocaccio rockfish,424,,,,,,
2000,south,Bocaccio rockfish,164,100,55,31,55.7,24,44.3
2000,north,Bocaccio rockfish,1200,,,,,,
2001,south,Bocaccio rockfish,122,100,52,29,55.7,23,44.3
2001,north,Bocaccio rockfish,318,,,,,,
2002,south,Bocaccio rockfish,122,100,44,25,55.7,19,44.3
2002,north,Bocaccio rockfish,318,,,,,,
2003,south,Bocaccio rockfish,198,20,14,8,52.7,6,44.3
2003,north,Bocaccio rockfish,318,,,,,,
2004,south,Bocaccio rockfish,400,250,108.5,,52.7,,44.3
2004,north,Bocaccio rockfish,318,,,,,,
2005,south,Bocaccio rockfish,566,307,85.2,,52.7,,44.3
2005,north,Bocaccio rockfish,318,,,,,,
2006,south,Bocaccio rockfish,549,308,75.2,,52.7,,44.3
2006,north,Bocaccio rockfish,318,,,,,,
2007,south,Bocaccio rockfish,602,218,80.2,,55.7,,44.3
2007,north,Bocaccio rockfish,318,,,,,,
2008,south,Bocaccio rockfish,602,218,80.2,,,,
2008,north,Bocaccio rockfish,318,,,,,,
2009,south,Bocaccio rockfish,793,288,206.4,,55.7,,44.3
2009,north,Bocaccio rockfish,318,,,,,,
2010,south,Bocaccio rockfish,793,288,206.4,,55.7,,44.3
2010,north,Bocaccio rockfish,318,,,,,,
2005,south,Cabezon,103,69,69,,,,
2006,south,Cabezon,108,69,,,,,
2007,south,Cabezon,94,69,27,,,,
2008,south,Cabezon,94,69,27,,,,
2009,south,Cabezon,106,69,,,,,
2010,south,Cabezon,111,79,,,,,
2008,,California scorpionfish,219,175,34,,,,
2009,,California scorpionfish,175,175,,,,,
2010,,California scorpionfish,155,155,,,,,
1995,,Canary rockfish,1250,,,780,91.2,70,8.8
1996,,Canary rockfish,1250,,,780,91.2,70,8.8
1997,north,Canary rockfish,1220,,,912,91.2,90,8.8
1997,south,Canary rockfish,85,,,,,,
1998,north,Canary rockfish,1045,,,953,91.2,90,8.8
1998,south,Canary rockfish,85,,,,,,
1999,,Canary rockfish,1045,857,807,736,91.2,71,8.8
1999,south,Canary rockfish,85,,,,,,
2000,,Canary rockfish,287,200,120,105,87.7,15,12.3
2001,,Canary rockfish,228,93,44,39,87.7,5,12.3
2002,,Canary rockfish,228,93,44,39,87.7,5,12.3
2003,,Canary rockfish,272,44,23,20,87.7,2.8,12.3
2004,,Canary rockfish,256,47.3,24.2,,87.7,12.3,
2005,,Canary rockfish,270,46.8,24.8,,87.7,,12.3
2006,,Canary rockfish,270,47.1,22.7,,87.7,12.3,
2007,,Canary rockfish,172,44,23.8,,87.7,,12.3
2008,,Canary rockfish,172,44,23.8,,,,
2009,,Canary rockfish,937,105,42.3,,87.7,,12.3
2010,,Canary rockfish,940,105,42.3,,87.7,,12.3
2000,north,Chilipepper,43,,,,,,
2001,north,Chilipepper,32,,,,,,
2002,north,Chilipepper,32,,,,,,
2003,north,Chilipepper,32,,,,,,
2004,north,Chilipepper,32,,,,,,
2005,north,Chilipepper,32,,,,,,
2006,north,Chilipepper,32,,,,,,
2007,north,Chilipepper,32,,,,,,
2008,north,Chilipepper,32,,,,,,
2009,north,Chilipepper,32,,,,,,
2010,north,Chilipepper,32,,,,,,
1995,,Chilipepper rockfish,4000,,,,,,
1996,,Chilipepper rockfish,4000,,,,,,
1997,,Chilipepper rockfish,4000,,,,,,
1998,,Chilipepper rockfish,3400,,,,,,
1999,,Chilipepper rockfish,3724,3724,3651,2461,67.4,1190,32.6
2000,,Chilipepper rockfish,3681,2000,1955,1089,55.7,866,44.3
2001,,Chilipepper rockfish,2700,2000,1985,1106,55.7,879,44.3
2002,,Chilipepper rockfish,2700,2000,1985,1106,55.7,879,44.3
2003,,Chilipepper rockfish,2700,2000,1985,1106,55.7,879,44.3
2004,,Chilipepper rockfish,2700,2000,1985,1106,55.7,879,44.3
2005,,Chilipepper rockfish,2700,2000,1973,1099,55.7,874,44.3
2006,,Chilipepper rockfish,2700,2000,1964,1094,55.7,870,44.3
2007,,Chilipepper rockfish,2700,2000,1114,,55.7,886,44.3
2008,,Chilipepper rockfish,2700,2000,,,,,
2009,,Chilipepper rockfish,3037,2885,2885,1607,55.7,1278,44.3
2010,,Chilipepper rockfish,2576,2447,2447,1363,55.7,1084,44.3
2000,south,Cowcod rockfish,24,5,5,,,,
2001,south,Cowcod rockfish,19,2.4,0,,,,
2002,south,Cowcod rockfish,19,2.4,0,,,,
2003,south,Cowcod rockfish,24,4.8,0,,,,
2004,south,Cowcod rockfish,24,4.8,0,,,,
2005,south,Cowcod rockfish,24,4.2,0,,,,
2006,south,Cowcod rockfish,24,4.2,0,,,,
2007,south,Cowcod rockfish,19,4,3.1,,,,
2008,south,Cowcod rockfish,19,4,3.1,,,,
2009,south,Cowcod rockfish,13,4,,,,,
2010,south,Cowcod rockfish,14,4,,,,,
1997,,Darkblotched rockfish,256,,,,,,
1998,,Darkblotched rockfish,256,,,,,,
1999,,Darkblotched rockfish,256,,,,,,
2000,,Darkblotched rockfish,256,,,,,,
2001,,Darkblotched rockfish,302-349,130,130,127,97.7,3,2.3
2002,,Darkblotched rockfish,187,168,168,163,,5,
2003,,Darkblotched rockfish,205,172,170,,,170,
2004,,Darkblotched rockfish,240,240,122.1,,,,
2005,,Darkblotched rockfish,269,269,122.1,,,,
2006,,Darkblotched rockfish,294,200,194.8,,,,
2007,,Darkblotched rockfish,456,290,259.8,,,,
2008,,Darkblotched rockfish,487,330,259.8,,,,
2009,,Darkblotched rockfish,437,285,282.05,,,,
2010,,Darkblotched rockfish,440,291,288.05,,,,
1995,WOC,Dover sole,14300,,,,,,
1995,Col,Dover sole,14300,,,,,,
1996,WOC,Dover sole,11050,,,,,,
1996,Col,Dover sole,2850,,,,,,
1997,WOC,Dover sole,11050,,,,,,
1997,Col,Dover sole,2850,,,,,,
1998,WOC,Dover sole,9426,,,,,,
1999,,Dover sole,9426,9426,9426,,,,
2000,,Dover sole,9426,9426,9405,,,,
2001,,Dover sole,8204,7677,7610,,,,
2002,,Dover sole,8510,7440,7368,,,,
2003,,Dover sole,8510,7440,7318,,,,
2004,,Dover sole,8510,7440,7380,,,,
2005,,Dover sole,8522,7476,7445,,,,
2006,,Dover sole,8589,7564,7504,,,,
2007,,Dover sole,28522,16500,,,,,
2008,,Dover sole,28522,16500,,,,,
2009,,Dover sole,29453,16500,,,,,
2010,,Dover sole,28582,16500,,,,,
1995,,English sole,3100,,,,,,
1996,,English sole,3100,,,,,,
1997,,English sole,3100,,,,,,
1998,,English sole,3100,,,,,,
1999,,English sole,3100,,,,,,
2000,,English sole,3100,,,,,,
2001,,English sole,3100,,,,,,
2002,,English sole,3100,,,,,,
2003,,English sole,3100,,,,,,
2004,,English sole,3100,,,,,,
2005,,English sole,3100,3100,,,,,
2006,,English sole,3100,3100,,,,,
2007,,English sole,6237,6237,,,,,
2008,,English sole,6237,6237,,,,,
2009,,English sole,14326,14326,,,,,
2010,,English sole,9745,9745,,,,,
2007,,Gopher rockfish,302,,,,,,
1995,,Jack mackerel,52600,,,,,,
1996,,Jack mackerel,52600,,,,,,
1997,,Jack mackerel,52600,,,,,,
1998,,Jack mackerel,52600,,,,,,
1999,,Jack mackerel,52600,52600,,,,,
2000,,Jack mackerel,,,,,,,
1995,,Lingcod,2400,,,1210,80.9,290,19.1
1996,,Lingcod,2400,,,1210,80.9,290,19.1
1997,,Lingcod,2400,,,1210,80.9,290,19.1
1998,,Lingcod,960,,,324,80.9,76,19.1
1999,,Lingcod,960,730,419,339,80.9,80,19.1
2000,,Lingcod,700,378,163,132,81,31,19
2001,,Lingcod,1119,611,251,203,81,48,19
2002,,Lingcod,745,577,251,203,81,48,19
2003,,Lingcod,841,651,284,230,81,54,19
2004,,Lingcod,1385,735,180.7,,81,,19
2005,north,Lingcod,2922,1801,274.2,,81,,19
2005,south,Lingcod,2922,612,274.2,,81,,19
2006,north,Lingcod,2716,1801,214.7,,81,,19
2006,south,Lingcod,2716,612,214.7,,,,
2007,north,Lingcod,6280,5558,,,81,,19
2007,south,Lingcod,6280,612,,,81,,19
2008,north,Lingcod,6280,5558,,,,,
2008,south,Lingcod,6280,612,,,,,
2009,,Lingcod,5278,5278,,,81,,19
2010,,Lingcod,4829,4829,,,81,,19
2009,,Longnose skate,3428,1349,,,,,
2010,,Longnose skate,3269,1349,,,,,
1995,,Longspine thornyhead rockfish,7000,,,,,,
1996,,Longspine thornyhead rockfish,7000,,,,,,
1997,,Longspine thornyhead rockfish,7000,,,,,,
1998,north,Longspine thornyhead rockfish,4102,,,,,,
1998,south,Longspine thornyhead rockfish,428,,,,,,
1999,north,Longspine thornyhead rockfish,4102,4102,4102,,,,
1999,south,Longspine thornyhead rockfish,429,429,429,,,,
2000,north,Longspine thornyhead rockfish,4102,4102,4099,,,,
2000,south,Longspine thornyhead rockfish,429,429,429,,,,
2001,north,Longspine thornyhead rockfish,2461,2461,2453,,,,
2001,south,Longspine thornyhead rockfish,390,195,195,,,,
2002,north,Longspine thornyhead rockfish,2461,2461,2455,,,,
2002,south,Longspine thornyhead rockfish,390,195,195,,,,
2003,north,Longspine thornyhead rockfish,2461,2461,2434,,,,
2003,south,Longspine thornyhead rockfish,390,195,195,,,,
2004,north,Longspine thornyhead rockfish,2461,2443,,,,,
2004,south,Longspine thornyhead rockfish,390,195,195,,,,
2005,north,Longspine thornyhead rockfish,2461,2461,,,,,
2005,south,Longspine thornyhead rockfish,390,195,195,,,,
2006,north,Longspine thornyhead rockfish,2461,2461,2449,,,,
2006,south,Longspine thornyhead rockfish,390,195,195,,,,
2007,north,Longspine thornyhead rockfish,3907,2220,,,,,
2007,south,Longspine thornyhead rockfish,3907,476,,,,,
2008,north,Longspine thornyhead rockfish,3907,2220,,,,,
2008,south,Longspine thornyhead rockfish,3907,476,,,,,
2009,north,Longspine thornyhead rockfish,3766,2231,,,,,
2009,south,Longspine thornyhead rockfish,3766,395,,,,,
2010,north,Longspine thornyhead rockfish,3671,2175,,,,,
2010,south,Longspine thornyhead rockfish,3671,385,,,,,
2002,north,Minor Nearshore rockfish,,987,324,161,,,
2002,south,Minor Nearshore rockfish,,662,130,23,,,
2003,north,Minor Nearshore rockfish,,928,188,,,,
2003,south,Minor Nearshore rockfish,,541,108,,,,
2004,north,Minor nearshore rockfish,,122,40,,,,
2004,south,Minor nearshore rockfish,,615,97,,,,
2005,north,Minor Nearshore rockfish,,122,54,,,,
2005,south,Minor Nearshore rockfish,,615,97,,,,
2006,north,Minor Nearshore rockfish,,122,54,,,,
2006,south,Minor Nearshore rockfish,,615,97,,,,
2007,north,Minor Nearshore rockfish,,142,63,,,,
2007,south,Minor Nearshore rockfish,,564,138,,,,
2008,north,Minor Nearshore rockfish,,142,63,,,,
2008,south,Minor Nearshore rockfish,,564,138,314.148,,,
2009,north,Minor Nearshore rockfish,,155,,,,,
2009,south,Minor Nearshore rockfish,,650,,,,,
2010,north,Minor Nearshore rockfish,,155,,,,,
2010,south,Minor Nearshore rockfish,,650,,,,,
2001,north,Minor rockfish,4823,3137,2492,2254,90.4,238,9.6
2001,south,Minor rockfish,3556,2040,1090,597,55.7,493,44.3
2002,north,Minor rockfish,4795,3115,2442,2239,91.7,203,8.3
2002,south,Minor rockfish,3506,2015,1283,714,55.7,569,44.3
2003,north,Minor rockfish,4795,3056,2292,2102,91.7,190,8.3
2003,south,Minor rockfish,3506,1894,1401,780,55.7,621,44.3
2004,north,Minor rockfish,3680,2250,2128,1979,91.7,179,8.3
2004,south,Minor rockfish,3412,1968,1390,774,55.7,616,44.3
2005,north,Minor rockfish,3680,2250,2172,1992,91.7,180,8.3
2005,south,Minor rockfish,3412,1968,1525,849,55.7,676,44.3
2006,north,Minor rockfish,3680,2250,2172,1992,91.7,180,8.3
2006,south,Minor rockfish,3412,1968,1525,849,55.7,676,44.3
2007,north,Minor rockfish,3680,2270,2181,,,,
2007,south,Minor rockfish,3403,1904,1418,,,,
2008,north,Minor rockfish,91.7,181,8.3,,,,
2008,south,Minor rockfish,3403,1904,1418,,,,
2009,north,Minor rockfish,3678,2283,,,,,
2009,south,Minor rockfish,3384,1990,,,,,
2010,north,Minor rockfish,3678,2283,,,,,
2010,south,Minor rockfish,3382,1990,,,,,
2002,north,Minor Shelf rockfish,,968,958,928,,,
2002,south,Minor Shelf rockfish,,714,514,194,,,
2003,north,Minor Shelf rockfish,,968,954,,,,
2003,south,Minor Shelf rockfish,,714,654,,,,
2004,north,Minor shelf rockfish,,968,958,,,,
2004,south,Minor shelf rockfish,,714,654,,,,
2005,north,Minor Shelf rockfish,,968,958,,,,
2005,south,Minor Shelf rockfish,,714,654,,,,
2006,north,Minor Shelf rockfish,,968,958,,,,
2006,south,Minor Shelf rockfish,,714,654,,,,
2007,north,Minor Shelf rockfish,,968,958,,,,
2007,south,Minor Shelf rockfish,,714,654,,,,
2008,north,Minor Shelf rockfish,,968,958,,,,
2008,south,Minor Shelf rockfish,,714,654,,,,
2009,north,Minor Shelf rockfish,,968,,,,,
2009,south,Minor Shelf rockfish,,714,,,,,
2010,north,Minor Shelf rockfish,,968,,,,,
2010,south,Minor Shelf rockfish,,714,,,,,
2002,north,Minor Slope rockfish,,1160,1160,1150,,,
2002,south,Minor Slope rockfish,,639,639,497,,,
2003,north,Minor Slope rockfish,,1160,1156,,,,
2003,south,Minor Slope rockfish,,639,639,,,,
2004,north,Minor slope rockfish,,1160,1160,,,,
2004,south,Minor slope rockfish,,639,639,,,,
2005,north,Minor Slope rockfish,,1160,1160,,,,
2005,south,Minor Slope rockfish,,639,639,,,,
2006,north,Minor Slope rockfish,,1160,1160,,,,
2006,south,Minor Slope rockfish,,639,639,,,,
2007,north,Minor Slope rockfish,,1160,1160,,,,
2007,south,Minor Slope rockfish,,626,626,,,,
2008,north,Minor Slope rockfish,,1160,1160,,,,
2008,south,Minor Slope rockfish,,626,626,,,,
2009,north,Minor Slope rockfish,,1160,,,,,
2009,south,Minor Slope rockfish,,626,,,,,
2010,north,Minor Slope rockfish,,1160,,,,,
2010,south,Minor Slope rockfish,,626,,,,,
1995,,other fish,14700,,,,,,
1996,,other fish,14700,,,,,,
1997,,other fish,14700,,,,,,
1998,,other fish,14700,,,,,,
1995,,Other flatfish,7700,,,,,,
1996,,Other flatfish,7700,,,,,,
1997,,Other flatfish,7700,,,,,,
1998,,Other flatfish,7700,,,,,,
1999,,Other flatfish,7700,,,,,,
2000,,Other flatfish,7700,,,,,,
2001,,Other flatfish,7700,,,,,,
2002,,Other flatfish,7700,,,,,,
2003,,Other flatfish,7700,,,,,,
2004,,Other flatfish,7700,,,,,,
2005,,Other flatfish,6781,4090,,,,,
2006,,Other flatfish,6781,4090,,,,,
2007,,Other flatfish,6781,4884,,,,,
2008,,Other flatfish,6781,4884,,,,,
2009,,Other flatfish,6731,4884,,,,,
2010,,Other flatfish,6731,4884,,,,,
1995,,Pacific cod,3200,,,,,,
1996,,Pacific cod,3200,,,,,,
1997,,Pacific cod,3200,,,,,,
1998,,Pacific cod,3200,,,,,,
1999,,Pacific cod,3200,,,,,,
2000,,Pacific cod,3200,,3200,,,,
2001,,Pacific cod,3200,,3200,,,,
2002,,Pacific cod,3200,,3200,,,,
2003,,Pacific cod,3200,3200,3200,,,,
2004,,Pacific cod,3200,3200,3200,,,,
2005,,Pacific cod,3200,1600,1600,,,,
2006,,Pacific cod,3200,1600,1200,,,,
2007,,Pacific cod,3200,1600,1200,,,,
2008,,Pacific cod,3200,1600,1200,,,,
2009,,Pacific cod,3200,1600,1200,,,,
2010,,Pacific cod,3200,1600,,,,,
1995,,Pacific ocean perch,0,,,,,,
1996,,Pacific ocean perch,0,,,,,,
1997,,Pacific ocean perch,0,,,,,,
1997,south,Pacific ocean perch,20,,,,,,
1998,,Pacific ocean perch,0,,,,,,
1998,south,Pacific ocean perch,20,,,,,,
1999,,Pacific ocean perch,695,,,,,,
1999,south,Pacific ocean perch,20,,,,,,
2000,,Pacific ocean perch,713,270,270,,,,
2001,,Pacific ocean perch,1541,303,303,,,,
2002,north,Pacific ocean perch,640,350,350,,,,
2003,north,Pacific ocean perch,689,377,374,,,,
2004,north,Pacific ocean perch,980,444,117.7,,,,
2005,north,Pacific ocean perch,966,447,129.1,,,,
2006,north,Pacific ocean perch,934,447,102.6,,,,
2007,north,Pacific ocean perch,900,150,111.3,,,,
2008,north,Pacific ocean perch,900,150,111.3,,,,
2009,north,Pacific ocean perch,1160,189,187,,,,
2010,north,Pacific ocean perch,1173,200,198,,,,
1995,,Pacific whiting,223000,,,,,,
1996,,Pacific whiting,265000,,,,,,
1997,,Pacific whiting,290000,,,,,,
1998,,Pacific whiting,232000,,,,,,
1999,,Pacific whiting,178000,178000,,,,,
2000,,Pacific whiting,232000,232000,199500,,,,
2001,,Pacific whiting,190400,190400,162900,,,,
2002,,Pacific whiting,166000,129600,109620,,,,
2003,,Pacific whiting,188000,148200,121200,,,,
2004,,Pacific whiting,514441,250500,215500,,,,
2005,,Pacific whiting,269545,269069,232069,,,,
2006,,Pacific whiting,518294,269069,232069,,,,
2007,,Pacific whiting,452196,242591,,,,,
2008,,Pacific whiting,295520,269545,232545,,,,
2009,,Pacific whiting,187346,135939,81939,,,,
2010,,Pacific whiting,336560,336560,193935,,,,
1995,,Petrale sole,2700,,,,,,
1996,,Petrale sole,2700,,,,,,
1997,,Petrale sole,2700,,,,,,
1998,,Petrale sole,2700,,,,,,
1999,,Petrale sole,2700,,,,,,
2000,,Petrale sole,2950,,,,,,
2001,,Petrale sole,2762,,,,,,
2002,,Petrale sole,2762,,,,,,
2003,,Petrale sole,2762,,,,,,
2004,,Petrale sole,2762,,,,,,
2005,,Petrale sole,2762,2762,,,,,
2006,,Petrale sole,2762,2762,,,,,
2007,,Petrale sole,3025,2499,,,,,
2008,,Petrale sole,3025,2499,,,,,
2009,,Petrale sole,2811,2433,,,,,
2010,,Petrale sole,2751,2393,,,,,
1997,,Redstripe rockfish,768,,,,,,
1998,,Redstripe rockfish,768,,,,,,
1999,,Redstripe rockfish,768,,,,,,
2000,,Redstripe rockfish,768,,,,,,
2001,,Redstripe rockfish,576,,,,,,
2002,,Redstripe rockfish,576,,,,,,
2003,,Redstripe rockfish,576,,,,,,
2004,,Redstripe rockfish,576,,,,,,
2005,,Redstripe rockfish,576,,,,,,
2006,,Redstripe rockfish,576,,,,,,
2007,,Redstripe rockfish,576,,,,,,
2008,,Redstripe rockfish,576,,,,,,
2009,,Redstripe rockfish,576,,,,,,
2010,,Redstripe rockfish,576,,,,,,
1995,,Remaining rockfish,11500,,,,,,
1996,,Remaining rockfish,11500,,,,,,
1997,north,Remaining rockfish,2295,,,,,,
1997,south,Remaining rockfish,1431,,,,,,
1998,north,Remaining rockfish,0,,,,,,
1998,south,Remaining rockfish,0,,,,,,
1995,,Sablefish,9125,,,5900,93.4,420,6.5
1996,,Sablefish,9125,,,6557,93.4,463,6.6
1997,,Sablefish,9125,,,6557,93.4,463,6.6
1998,north,Sablefish,5200,,,3934,93.4,278,6.6
1998,south,Sablefish,425,,,,,,
1999,north,Sablefish,9692,7919,6414,5991,93.4,423,6.6
1999,south,Sablefish,472,472,425,,,,
2000,north,Sablefish,9692,7919,6385,5785,90.6,600.2,9.4
2000,south,Sablefish,472,472,472,,,,
2001,north,Sablefish,7661,6895,6181,5600,90.6,581,9.4
2001,south,Sablefish,425,212,212,,,,
2002,north,Sablefish,4644,4367,3906,3539,90.6,367,9.4
2002,south,Sablefish,333,229,229,,,,
2003,north,Sablefish,8209,6500,5767,5225,90.6,542,9.4
2003,south,Sablefish,441,294,294,,,,
2004,north,Sablefish,8185,7510,6687,6059,90.6,629,9.4
2004,south,Sablefish,302,276,,,,,
2005,north,Sablefish,8368,7486,6670,6043,90.6,627,9.4
2005,south,Sablefish,8368,275,275,,,,
2006,north,Sablefish,8175,7363,6522,5909,90.6,613,9.4
2006,south,Sablefish,8175,271,271,,,,
2007,,Sablefish,6210,5934,5362,5362,90.6,484,9.4
2008,,Sablefish,6210,5934,5362,,,,
2009,north,Sablefish,9914,7052,6347,5750,90.6,597,9.4
2009,south,Sablefish,9914,1371,1371,,,,
2010,north,Sablefish,9217,6471,,,90.6,608,9.4
2010,south,Sablefish,9217,1258,,,,,
1995,south,Sebastes complex,13200,,,8760,67.4,4240,32.6
1996,south,Sebastes complex,13200,,,8760,67.4,4240,32.6
1997,south,Sebastes complex,9664,,,6257,67.4,3027,32.6
1998,south,Sebastes complex,8999,,,4677,67.4,2262,32.6
1999,south,Sebastes complex,4731,2705,1396,941,67.4,455,32.6
2000,south,Sebastes complex,,,,,,,
1995,north,Sebastes complex ,11900,,,10670,90.4,1130,9.6
1996,north,Sebastes complex ,11900,,,10120,90.4,1080,9.6
1997,north,Sebastes complex ,7130,,,6017,90.4,639,9.6
1998,north,Sebastes complex ,8647,,,6128,90.4,651,9.6
1999,north,Sebastes complex ,8647,6617,5785,5230,90.4,555,9.6
2000,north,Sebastes complex ,,,,,,,
1997,,Sharpchin rockfish,469,,,,,,
1998,,Sharpchin rockfish,469,,,,,,
1999,,Sharpchin rockfish,469,,,,,,
2000,,Sharpchin rockfish,469,,,,,,
2001,,Sharpchin rockfish,352,,,,,,
2002,,Sharpchin rockfish,352,,,,,,
2003,,Sharpchin rockfish,352,,,,,,
2004,,Sharpchin rockfish,352,,,,,,
2005,,Sharpchin rockfish,352,,,,,,
2006,,Sharpchin rockfish,352,,,,,,
2007,,Sharpchin rockfish,352,,,,,,
2008,,Sharpchin rockfish,352,,,,,,
2009,,Sharpchin rockfish,352,,,,,,
2010,,Sharpchin rockfish,352,,,,,,
1995,,Shortbelly rockfish,23500,,,,,,
1996,,Shortbelly rockfish,23500,,,,,,
1997,,Shortbelly rockfish,23500,,,,,,
1998,,Shortbelly rockfish,23500,,,,,,
1999,,Shortbelly rockfish,23500,23500,23500,,,,
2000,,Shortbelly rockfish,13900,13900,13900,,,,
2001,,Shortbelly rockfish,13900,13900,13900,,,,
2002,,Shortbelly rockfish,13900,13900,13900,,,,
2003,,Shortbelly rockfish,13900,13900,13900,,,,
2004,,Shortbelly rockfish,13900,13900,13900,,,,
2005,,Shortbelly rockfish,13900,13900,13894,,,,
2006,,Shortbelly rockfish,13900,13900,13888,,,,
2007,,Shortbelly rockfish,13900,13900,,,,,
2008,,Shortbelly rockfish,13900,13900,,,,,
2009,,Shortbelly rockfish,6950,6950,,,,,
2010,,Shortbelly rockfish,6950,6950,,,,,
1995,,Shortspine thornyhead rockfish,1000,,,,,,
1996,,Shortspine thornyhead rockfish,1000,,,1496,99.75,4,0.25
1997,,Shortspine thornyhead rockfish,1000,,,1376,99.75,3,0.25
1998,north,Shortspine thornyhead rockfish,1000,,,1079,99.75,3,0.25
1998,south,Shortspine thornyhead rockfish,1000,,,,,,
1999,north,Shortspine thornyhead rockfish,1261,1150,1150,,,,
1999,south,Shortspine thornyhead rockfish,175,175,175,,,,
2000,north,Shortspine thornyhead rockfish,1261,970,690,957,99.7,3,0.3
2000,south,Shortspine thornyhead rockfish,175,175,175,,,,
2001,north,Shortspine thornyhead rockfish,757,689,685,683,99.7,2,0.27
2001,south,Shortspine thornyhead rockfish,123,62,62,62,99.7,0,0.27
2002,,Shortspine thornyhead rockfish,1004,955,948,945,99.73,3,0.27
2003,north,Shortspine thornyhead rockfish,1004,955,941,939,99.7,3,0.27
2004,north,Shortspine thornyhead rockfish,1030,983,974,971,99.7,3,0.27
2005,north,Shortspine thornyhead rockfish,1055,999,995,992,99.7,3,0.27
2006,north,Shortspine thornyhead rockfish,1077,1018,1011,984,99.7,27,0.27
2007,north,Shortspine thornyhead rockfish,2476,1634,1193,,99.7,441,0.27
2007,south,Shortspine thornyhead rockfish,,421,,,,,
2008,north,Shortspine thornyhead rockfish,2476,1634,,,,,
2008,south,Shortspine thornyhead rockfish,2476,421,,,,,
2009,north,Shortspine thornyhead rockfish,2437,1608,1608,1603,99.7,5,0.27
2009,south,Shortspine thornyhead rockfish,2437,414,,,  ,,
2010,north,Shortspine thornyhead rockfish,2411,1591,1591,1586,99.7,5,0.27
2010,south,Shortspine thornyhead rockfish,2411,410,,,,,
1997,,Silvergrey rockfish,51,,,,,,
1998,,Silvergrey rockfish,51,,,,,,
1999,,Silvergrey rockfish,51,,,,,,
2000,,Silvergrey rockfish,51,,,,,,
2001,,Silvergrey rockfish,38,,,,,,
2002,,Silvergrey rockfish,38,,,,,,
2003,,Silvergrey rockfish,38,,,,,,
2004,,Silvergrey rockfish,38,,,,,,
2005,,Silvergrey rockfish,38,,,,,,
2006,,Silvergrey rockfish,38,,,,,,
2007,,Silvergrey rockfish,38,,,,,,
2008,,Silvergrey rockfish,38,,,,,,
2009,,Silvergrey rockfish,38,,,,,,
2010,,Silvergrey rockfish,38,,,,,,
1997,,Splitnose rockfish,1142,,,,,,
1998,,Splitnose rockfish,1142,,,,,,
1999,,Splitnose rockfish,868,868,868,,,,
1999,,Splitnose rockfish,274,,,,,,
2000,,Splitnose rockfish,820,615,615,,,,
2000,,Splitnose rockfish,322,,,,,,
2001,,Splitnose rockfish,615,461,461,,,,
2001,,Splitnose rockfish,242,,,,,,
2002,,Splitnose rockfish,615,461,461,,,,
2002,,Splitnose rockfish,242,,,,,,
2003,,Splitnose rockfish,615,461,461,,,,
2003,,Splitnose rockfish,242,,,,,,
2004,,Splitnose rockfish,615,461,461,,,,
2004,,Splitnose rockfish,242,,,,,,
2005,,Splitnose rockfish,615,461,461,,,,
2005,,Splitnose rockfish,242,,,,,,
2006,,Splitnose rockfish,615,461,461,,,,
2006,,Splitnose rockfish,242,,,,,,
2007,,Splitnose rockfish,615,461,,,,,
2007,,Splitnose rockfish,242,,,,,,
2008,,Splitnose rockfish,615,461,,,,,
2008,,Splitnose rockfish,242,,,,,,
2009,,Splitnose rockfish,615,461,,,,,
2009,,Splitnose rockfish,242,,,,,,
2010,,Splitnose rockfish,615,461,,,,,
2010,,Splitnose rockfish,242,,,,,,
2007,,Starry flounder,1221,890,,,,,
2008,,Starry flounder,1221,890,,,,,
2009,,Starry flounder,1509,1004,,,,,
2010,,Starry flounder,1578,1077,,,,,
1995,,Widow rockfish,7700,,,6260,96.3,240,3.7
1996,,Widow rockfish,7700,,,6260,96.3,240,3.7
1997,,Widow rockfish,7700,,,6260,96.3,240,3.7
1998,,Widow rockfish,5750,,,4118,96.3,158,3.7
1999,,Widow rockfish,5750,5023,4987,4797,96.3,184,3.7
2000,,Widow rockfish,5750,4333,4282,4154,97,128,3
2001,,Widow rockfish,3727,2300,2260,2192,97,68,3
2002,,Widow rockfish,3727,856,853,827,97,26,3
2003,,Widow rockfish,3871,832,781,757,97,23,3
2004,,Widow rockfish,3460,284,280.4,,97,,3
2005,,Widow rockfish,3218,285,281.7,,97,,3
2006,,Widow rockfish,3059,289,285.6,,97,,3
2007,,Widow rockfish,5334,368,251.4,,97,,3
2008,,Widow rockfish,5334,368,251.4,,,,
2009,,Widow rockfish,7728,522,460.4,,97,,3
2010,,Widow rockfish,6937,509,447.4,,97,,3
1997,,Yelloweye rockfish,39,,,,,,
1998,,Yelloweye rockfish,39,,,,,,
1999,,Yelloweye rockfish,132,,,,,,
2000,,Yelloweye rockfish,39,,,,,,
2001,,Yelloweye rockfish,29,,,,,,
2002,,Yelloweye rockfish,27,13.5,3.69,,,,
2003,,Yelloweye rockfish,52,22,9.5,,,,
2004,,Yelloweye rockfish,53,22,5.8,,,,
2005,,Yelloweye rockfish,54,26,8.5,,,,
2006,,Yelloweye rockfish,55,27,6.4,,,,
2007,,Yelloweye rockfish,26,23,7.9,,,,
2008,,Yelloweye rockfish,26,23,7.9,,,,
2009,,Yelloweye rockfish,31,17,3.1,,,,
2010,,Yelloweye rockfish,32,17,3.1,,,,
1997,,Yellowmouth,132,,,,,,
1998,,Yellowmouth,39,,,,,,
1999,,Yellowmouth,132,,,,,,
2000,,Yellowmouth,132,,,,,,
2001,,Yellowmouth,99,,,,,,
2002,,Yellowmouth,99,,,,,,
2003,,Yellowmouth,99,,,,,,
2004,,Yellowmouth,99,,,,,,
2005,,Yellowmouth,99,,,,,,
2006,,Yellowmouth,99,,,,,,
2007,,Yellowmouth,99,,,,,,
2008,,Yellowmouth,99,,,,,,
2009,,Yellowmouth,99,,,,,,
2010,,Yellowmouth,99,,,,,,
1999,south,Yellowtail,229,,,,,,
2000,south,Yellowtail,155,,,,,,
2001,south,Yellowtail,116,,,,,,
2002,south,Yellowtail,116,,,,,,
2003,south,Yellowtail,116,,,,,,
2004,south,Yellowtail,116,,,,,,
2005,south,Yellowtail,116,,,,,,
2006,south,Yellowtail,116,,,,,,
2007,south,Yellowtail,116,,,,,,
2008,south,Yellowtail,116,,,,,,
2009,south,Yellowtail,116,,,,,,
2010,south,Yellowtail,116,,,,,,
1995,north,Yellowtail rockfish,6740,,,3760,90.4,400,9.6
1996,north,Yellowtail rockfish,6740,,,3250,90.4,350,9.6
1996,south,Yellowtail rockfish,6740,,,2330,90.4,250,9.6
1997,north,Yellowtail rockfish,1773,,,2497,90.4,265,9.6
1997,south,Yellowtail rockfish,259,,,,,,
1998,north,Yellowtail rockfish,3465,,,2819,90.4,299,9.6
1998,south,Yellowtail rockfish,229,,,,,,
1999,,Yellowtail rockfish,3465,3435,3403,3079,90.4,327,9.6
2000,,Yellowtail rockfish,3539,3539,3449,3163,91.7,286,8.3
2001,,Yellowtail rockfish,3146,3146,3086,2830,91.7,256,8.3
2002,,Yellowtail rockfish,3146,3146,3131,2871,91.7,260,8.3
2003,,Yellowtail rockfish,3146,3146,2717,2492,91.7,226,8.3
2004,,Yellowtail rockfish,4320,4320,4291,3935,91.7,356,8.3
2005,,Yellowtail rockfish,3896,3896,3871,3550,91.7,321,8.3
2006,,Yellowtail rockfish,3681,3681,3655,3352,91.7,303,8.3
2007,,Yellowtail rockfish,4548,4548,,,,,
2008,,Yellowtail rockfish,4548,4548,,,,,
2009,,Yellowtail rockfish,4562,4562,,,91.7,,8.3
2010,,Yellowtail rockfish,4562,4562,,,91.7,,8.3
1995,south,Yellowtail rockfish ,6740,,,2330,90.4,250,9.6
